Nama Produk,Harga,Reseller Price,Stok,Size,color
CELANA PANJANG NIKE PRO COMBAT BASELAYER,180000,165000,17,S,black
CELANA PANJANG NIKE PRO COMBAT BASELAYER,180000,165000,17,M,black
CELANA PANJANG NIKE PRO COMBAT BASELAYER,180000,165000,17,L,black
CELANA PANJANG NIKE PRO COMBAT BASELAYER,180000,165000,17,XL,black
CELANA PANJANG NIKE PRO COMBAT BASELAYER,180000,165000,17,XXL,black
CELANA PANJANG Under Armour UA PRO COMBAT BASELAYER,165000,145000,14,S,black
CELANA PANJANG Under Armour UA PRO COMBAT BASELAYER,165000,145000,14,M,black
CELANA PANJANG Under Armour UA PRO COMBAT BASELAYER,165000,145000,14,L,black
CELANA PANJANG Under Armour UA PRO COMBAT BASELAYER,165000,145000,14,XL,black
CELANA PANJANG Under Armour UA PRO COMBAT BASELAYER,165000,145000,14,XXL,black
Celana Nike Pro Combat Baselayer,140000,125000,23,S,black
Celana Nike Pro Combat Baselayer,140000,125000,23,M,black
Celana Nike Pro Combat Baselayer,140000,125000,23,L,black
Celana Nike Pro Combat Baselayer,140000,125000,23,XL,black
Celana Nike Pro Combat Baselayer,140000,125000,23,XXL,black
Celana Pendek Nike Pro Combat BaseLayer Black Green,150000,125000,12,M,Black Green
Celana Pendek Nike Pro Combat BaseLayer Black Green,150000,125000,12,L,Black Green
Celana Pendek Nike Pro Combat BaseLayer Black Green,150000,125000,12,XL,Black Green
Celana Pendek Nike Pro Combat Baselayer Grey,150000,125000,7,M,Grey
Celana Pendek Nike Pro Combat Baselayer Grey,150000,125000,7,L,Grey
Celana Pendek Nike Pro Combat Baselayer Grey,150000,125000,7,XL,Grey
Celana Pendek Nike Pro Combat Baselayer White,150000,125000,5,M,White
Celana Pendek Nike Pro Combat Baselayer White,150000,125000,5,L,White
Celana Pendek Nike Pro Combat Baselayer White,150000,125000,5,XL,White
Celana halfpants 3/4 Nike Pro Combat Baselayer,175000,150000,5,M,Black
Celana halfpants 3/4 Nike Pro Combat Baselayer,175000,150000,5,L,Black
Celana halfpants 3/4 Nike Pro Combat Baselayer,175000,150000,5,XL,Black
Kaos Nike Pro Combat Baselayer,170000,155000,3,M,Black
Kaos Nike Pro Combat Baselayer,170000,155000,3,L,Black
Kaos Nike Pro Combat Baselayer,170000,155000,3,XL,Black
Kaos Nike Pro Combat Baselayer 2 color,190000,180000,3,M,Black Red
Kaos Nike Pro Combat Baselayer 2 color,190000,180000,3,L,Black Red
Kaos Nike Pro Combat Baselayer 2 color,190000,180000,3,XL,Black Red
Nike Pro Combat Base Layer Lengan Panjang Blue,200000,190000,10,M,Blue
Nike Pro Combat Base Layer Lengan Panjang Blue,200000,190000,10,L,Blue
Nike Pro Combat Base Layer Lengan Panjang Blue,200000,190000,10,XL,Blue
Nike Pro Combat Baselayer Lengan Panjang Darkblue Orange,200000,190000,2,M,Darkblue Orange
Nike Pro Combat Baselayer Lengan Panjang Darkblue Orange,200000,190000,2,L,Darkblue Orange
Nike Pro Combat Baselayer Lengan Panjang Darkblue Orange,200000,190000,2,XL,Darkblue Orange
Nike Pro Combat Baselayer Lengan Panjang White,200000,190000,3,M,White
Nike Pro Combat Baselayer Lengan Panjang White,200000,190000,3,L,White
Nike Pro Combat Baselayer Lengan Panjang White,200000,190000,3,XL,White
Nike Pro Combat Baselayer Tangan Panjang Red,200000,190000,6,M,Red
Nike Pro Combat Baselayer Tangan Panjang Red,200000,190000,6,L,Red
Nike Pro Combat Baselayer Tangan Panjang Red,200000,190000,6,XL,Red
Nike Pro Combat Singlet BaseLayer,150000,130000,2,M,Black
Nike Pro Combat Singlet BaseLayer,150000,130000,2,L,Black
Nike Pro Combat Singlet BaseLayer,150000,130000,2,XL,Black
Nike Pro Combat Singlet Baselayer,150000,130000,1,M,Darkblue Orange
Nike Pro Combat Singlet Baselayer,150000,130000,1,L,Darkblue Orange
Nike Pro Combat Singlet Baselayer,150000,130000,1,XL,Darkblue Orange
SETELAN BASELAYER NIKE PRO COMBAT BLACK,320000,320000,8,M,Black
SETELAN BASELAYER NIKE PRO COMBAT BLACK,320000,320000,8,L,Black
SETELAN BASELAYER NIKE PRO COMBAT BLACK,320000,320000,8,XL,Black
celana Nike Pro Combat BaseLayer Darkblue Orange,150000,140000,7,M,Dark Blue Orange
celana Nike Pro Combat BaseLayer Darkblue Orange,150000,140000,7,L,Dark Blue Orange
celana Nike Pro Combat BaseLayer Darkblue Orange,150000,140000,7,XL,Dark Blue Orange
celana panjang gym / fitnes legging nike pro combat White,180000,165000,7,M,White
celana panjang gym / fitnes legging nike pro combat White,180000,165000,7,L,White
celana panjang gym / fitnes legging nike pro combat White,180000,165000,7,XL,White
celana training panjang nike fc,175000,175000,5,M,Black
celana training panjang nike fc,175000,175000,5,L,Black
celana training panjang nike fc,175000,175000,5,XL,Black
setelan baselayer nike procombat white,330000,330000,10,M,white
setelan baselayer nike procombat white,330000,330000,10,L,white
setelan baselayer nike procombat white,330000,330000,10,XL,white